rid,avg_price,rating,contact
1,58.98,2.49,lbuckeridge0@indiegogo.com
2,60.32,3.69,wstrickland1@google.com
3,61.94,2.57,smiroy2@delicious.com
4,77.15,4.34,radamoli3@google.co.jp
5,36.39,3.78,cwiersma4@etsy.com
6,36.03,3.23,fleteve5@wunderground.com
7,31.24,3.59,bkoschek6@spiegel.de
8,67.21,3.69,llansly7@sohu.com
9,37.06,3.03,bmatton8@edublogs.org
10,51.98,2.15,bdinis9@fda.gov
11,46.37,1.86,wdaysha@phpbb.com
12,89.75,3.16,rbaddileyb@unesco.org
13,52.08,0.63,gcruxtonc@com.com
14,74.46,2.47,lpuncherd@xinhuanet.com
15,48.42,2.14,lheijnene@narod.ru
16,48.82,4.24,fabreyf@hao123.com
17,52.19,4.96,hchantillong@lulu.com
18,43.9,2.58,poscandallh@myspace.com
19,50.37,2.44,lsugarmani@mail.ru
20,68.07,2.15,msauvagej@google.it
21,22.88,3.97,lgildersleavesk@weibo.com
22,35.66,5.11,mculbardl@prnewswire.com
23,66.54,3.24,tkleinpeltzm@list-manage.com
24,48.36,3.18,agymlettn@marriott.com
25,62.16,5.16,hhyndeso@fc2.com
26,48.8,4.25,cgillcristp@techcrunch.com
27,16.18,2.31,efirbanksq@epa.gov
28,8.04,2.8,jcouroyr@tripod.com
29,48.22,3.59,wlillies@marketwatch.com
30,72.69,3.13,nalvent@cnet.com
31,68.66,4.88,ngollingu@illinois.edu
32,43.27,3.6,mbortolussiv@weebly.com
33,40.92,2.53,mduddanw@sfgate.com
34,53.28,2.7,aarntzenx@ehow.com
35,58.77,3.34,ithreddery@wordpress.org
36,62.79,3.38,dcocksedgez@samsung.com
37,7.12,3.42,sgeyton10@virginia.edu
38,20.86,3.49,ccortez11@themeforest.net
39,46.87,2.56,ahollingby12@homestead.com
40,37.37,3.56,bpainter13@statcounter.com
41,43.39,2.83,comara14@marketwatch.com
42,46.29,3.6,jmarcome15@histats.com
43,71.88,2.95,cgeach16@wsj.com
44,39.49,1.35,aashford17@hc360.com
45,16.47,1.36,mslora18@amazon.de
46,57.13,4.05,clight19@gov.uk
47,29.75,4.5,acorkel1a@webeden.co.uk
48,32.75,2.27,rgauford1b@jugem.jp
49,70.53,3.25,hsoar1c@devhub.com
50,72.42,2.86,rbarz1d@networksolutions.com
51,48.79,1.68,dashbe1e@youtube.com
52,51.32,2.87,pstempe1f@abc.net.au
53,43.08,2.96,aswayland1g@ameblo.jp
54,32.12,3.07,shannabus1h@harvard.edu
55,15.86,2.92,plawrinson1i@amazon.com
56,36.85,2.67,amegarrell1j@miibeian.gov.cn
57,33.33,2.83,akniveton1k@ucoz.com
58,41.56,1.61,tlerhinan1l@zimbio.com
59,40.08,3.91,emcgraffin1m@sitemeter.com
60,40.34,4.15,bthatcham1n@histats.com
61,58.1,2.94,qjeacocke1o@spotify.com
62,78.2,2.33,fhawthorn1p@yandex.ru
63,86.97,3.69,rbatman1q@bigcartel.com
64,50.14,4.96,mstag1r@eventbrite.com
65,68.19,1.71,dkrysztofowicz1s@wired.com
66,59.18,2.11,cgrundy1t@uiuc.edu
67,35.24,3.91,vbrooking1u@ovh.net
68,40.24,5.4,cknappen1v@mail.ru
69,57.95,3.9,mkopke1w@vkontakte.ru
70,55.78,2.48,amilnes1x@amazon.co.jp
71,55.14,4.95,mlesaunier1y@hc360.com
72,55.86,3.9,lbertelmot1z@chronoengine.com
73,49.25,3.01,tspringtorpe20@indiegogo.com
74,75.81,2.48,rinchley21@nydailynews.com
75,29.69,4.23,lcubuzzi22@sohu.com
76,80.22,2.94,ailsley23@tripod.com
77,23.29,1.99,mpindar24@t.co
78,45.69,2.53,fdohms25@wp.com
79,60.89,5.58,koswick26@pinterest.com
80,66.67,2.54,bmonument27@china.com.cn
81,63.46,1.73,temery28@jugem.jp
82,19.41,2.07,caxel29@yahoo.co.jp
83,45.18,2.03,adulinty2a@ocn.ne.jp
84,50.6,2.73,mheskey2b@mayoclinic.com
85,39.28,3.62,jwanden2c@guardian.co.uk
86,33.35,3.43,hvallery2d@nymag.com
87,31.65,2.65,mscopyn2e@dedecms.com
88,32.97,2.73,rcostard2f@networkadvertising.org
89,29.56,3.1,fmatthewman2g@craigslist.org
90,69.25,2.89,carnault2h@angelfire.com
91,69.65,3.81,mninotti2i@ca.gov
92,86.42,2.31,jwakelin2j@google.ru
93,22.45,1.44,ksarfat2k@jimdo.com
94,10.54,2.82,rkinsman2l@pagesperso-orange.fr
95,72.96,2.2,gdeye2m@adobe.com
96,64.79,2.6,krosson2n@amazon.co.jp
97,36.54,3.85,dosbidston2o@google.de
98,102.67,3.62,pohaire2p@unesco.org
99,40.48,4.58,rcalterone2q@independent.co.uk
100,41.03,3.2,geasun2r@hao123.com
101,35.53,3.56,daudritt2s@uol.com.br
102,33.98,2.81,ewoodruffe2t@amazonaws.com
103,47.36,2.31,mrikard2u@devhub.com
104,72.22,3.19,itimblett2v@altervista.org
105,67.31,1.35,lleckey2w@amazon.com
106,59.12,3.64,dremmers2x@mozilla.com
107,23.03,2.51,pholleworth2y@shop-pro.jp
108,42.07,3.25,nmegroff2z@odnoklassniki.ru
109,39.27,3.6,nmackegg30@salon.com
110,63.38,4.55,dfleetwood31@buzzfeed.com
111,18.25,4.05,episculli32@ovh.net
112,113.48,5.99,gmacdwyer33@over-blog.com
113,68.57,2.86,ssteventon34@ebay.com
114,70.32,3.88,lyaneev35@blog.com
115,82.48,4.14,gsearjeant36@nature.com
116,51.88,2.22,bgittoes37@simplemachines.org
117,67.44,2.11,mbaccup38@google.cn
118,58.37,0.89,istrattan39@bbb.org
119,39.78,3.49,zhaverty3a@illinois.edu
120,50.16,5.29,btampen3b@oakley.com
121,43.17,1.73,bwoolgar3c@sfgate.com
122,61.06,2.16,oellacott3d@deviantart.com
123,51.17,4.09,tdraycott3e@theglobeandmail.com
124,33.78,3.24,cgunner3f@infoseek.co.jp
125,43.92,2.02,dedmeades3g@newyorker.com
126,73.54,3.75,fpovall3h@exblog.jp
127,35.59,2.08,abraidley3i@bizjournals.com
128,23.1,2.22,otrounce3j@opera.com
129,54.47,2.18,gscrivener3k@thetimes.co.uk
130,39.7,3.53,dmacgow3l@house.gov
131,62.6,4.41,tmines3m@nature.com
132,37.07,3.49,vbabbe3n@google.ca
133,59.99,1.62,nderrico3o@sbwire.com
134,20.51,2.95,slathe3p@mediafire.com
135,55.72,2.92,bgeekin3q@house.gov
136,57.71,2.11,jpink3r@joomla.org
137,63.13,3.5,mfancett3s@delicious.com
138,78.61,4.07,middins3t@nba.com
139,77.69,4.18,alubbock3u@cyberchimps.com
140,15.8,3.67,opedler3v@indiegogo.com
141,70.93,2.82,bcrosetti3w@forbes.com
142,47.79,1.73,arubinfeld3x@dropbox.com
143,52.71,3.37,lkovelmann3y@princeton.edu
144,49.02,2.47,ycomello3z@csmonitor.com
145,73.36,2.37,mkinnie40@dedecms.com
146,55.99,2.98,gdautry41@nature.com
147,20.43,2.58,lwintersgill42@indiatimes.com
148,22.34,2.45,fhenmarsh43@opensource.org
149,35.54,2.97,gmccoll44@etsy.com
150,68.48,0.41,mrowatt45@printfriendly.com
151,37.04,3.5,tschaffler46@51.la
152,38.56,6.05,vhabercham47@bandcamp.com
153,78.76,2.67,zmaulin48@dell.com
154,74.29,4.14,gattryde49@themeforest.net
155,42.08,3.6,nmacian4a@statcounter.com
156,48.41,2.11,kwhittlesee4b@rambler.ru
157,23.31,1.05,ptripet4c@epa.gov
158,48.72,3.01,mgooderick4d@msu.edu
159,74.93,3.1,jcope4e@trellian.com
160,32.73,4.08,fseyfart4f@1688.com
161,36.63,3.18,ldownie4g@linkedin.com
162,35.7,4.42,smisselbrook4h@mozilla.com
163,56.99,3.2,kethelston4i@pcworld.com
164,22.0,1.97,ltevelov4j@bluehost.com
165,57.49,3.32,bbywater4k@odnoklassniki.ru
166,80.57,4.06,mclitheroe4l@4shared.com
167,37.64,2.0,sdarragh4m@yale.edu
168,53.55,2.74,iweatherhead4n@sohu.com
169,48.02,2.29,rsedge4o@creativecommons.org
170,17.72,3.86,arubra4p@sakura.ne.jp
171,84.96,3.32,ksalerg4q@lycos.com
172,76.01,1.65,tcurran4r@microsoft.com
173,16.98,4.58,boglevie4s@google.co.jp
174,66.76,4.04,tcockton4t@xrea.com
175,34.32,3.46,twinterscale4u@weebly.com
176,36.54,3.2,gclubley4v@ovh.net
177,28.71,2.94,lboothebie4w@prweb.com
178,47.82,2.64,mwhimper4x@hostgator.com
179,48.54,3.31,mmackiewicz4y@unblog.fr
180,57.55,4.59,vedyson4z@nyu.edu
181,36.33,3.28,vmale50@friendfeed.com
182,35.19,3.83,uhentzer51@tripod.com
183,59.06,1.99,egobeaux52@t.co
184,89.64,2.38,lwedgwood53@yellowbook.com
185,59.49,3.11,fcurness54@whitehouse.gov
186,91.65,3.82,dmcmillan55@gravatar.com
187,66.05,3.62,ctrinke56@imageshack.us
188,59.07,2.01,rshuker57@nyu.edu
189,55.19,2.31,ebessell58@flavors.me
190,44.3,0.38,tmalsher59@hexun.com
191,54.79,2.9,wmandre5a@facebook.com
192,19.56,5.37,kpursglove5b@google.it
193,35.45,0.94,mmcneish5c@newyorker.com
194,19.45,2.62,kfell5d@a8.net
195,78.89,3.74,kzellick5e@aboutads.info
196,51.16,2.96,dsmallbone5f@tuttocitta.it
197,46.31,1.23,msporgeon5g@prlog.org
198,61.94,1.67,laxleby5h@hostgator.com
199,40.35,1.89,tsummerhayes5i@a8.net
200,85.88,4.0,iorridge5j@reverbnation.com
201,22.12,2.33,lterron5k@fc2.com
202,40.87,1.86,mjorissen5l@google.com.hk
203,59.79,4.05,rdickson5m@cnet.com
204,57.43,2.41,mbailes5n@mayoclinic.com
205,62.36,2.11,bsharpus5o@ameblo.jp
206,74.4,2.32,tcoulling5p@pagesperso-orange.fr
207,56.15,4.86,gtilling5q@columbia.edu
208,45.86,3.07,cdannatt5r@businessinsider.com
209,35.67,2.63,amcanellye5s@ft.com
210,40.32,2.9,agilfoy5t@ask.com
211,40.87,3.3,awincom5u@deviantart.com
212,64.01,2.45,jwindress5v@bbb.org
213,92.55,5.06,cmoyser5w@desdev.cn
214,46.89,3.02,mcossentine5x@uiuc.edu
215,28.05,1.37,ffardoe5y@ibm.com
216,43.81,3.03,ibutter5z@storify.com
217,15.97,4.11,acersey60@amazon.de
218,19.22,4.41,gcruces61@ed.gov
219,32.02,2.66,emacgettigen62@usgs.gov
220,53.26,0.9,rblatchford63@aboutads.info
221,26.85,1.04,irolance64@auda.org.au
222,55.49,4.3,tkofax65@berkeley.edu
223,81.57,4.78,ashales66@apache.org
224,36.89,3.41,dbiggadyke67@google.co.jp
225,26.97,3.99,bgiovannilli68@freewebs.com
226,33.83,3.73,hhepher69@slashdot.org
227,37.61,2.77,lskellern6a@i2i.jp
228,78.64,3.38,ovoules6b@seesaa.net
229,55.61,2.93,bbiggam6c@cargocollective.com
230,18.84,2.65,yfaveryear6d@nationalgeographic.com
231,35.61,0.8,dleahair6e@businesswire.com
232,63.82,2.98,bplum6f@unc.edu
233,57.94,4.33,ayakunchikov6g@wikimedia.org
234,52.85,4.2,cmacvaugh6h@friendfeed.com
235,41.17,4.21,edonnett6i@chronoengine.com
236,16.28,3.9,jhutchinson6j@slideshare.net
237,21.02,3.13,ddewi6k@usgs.gov
238,39.94,2.86,louthwaite6l@odnoklassniki.ru
239,57.82,2.69,akettles6m@patch.com
240,87.57,1.44,sbranchett6n@hhs.gov
241,38.39,3.29,pcollyear6o@cbc.ca
242,77.56,2.18,fbraga6p@elpais.com
243,47.41,2.78,hmerle6q@chronoengine.com
244,32.33,4.98,fduker6r@google.com.hk
245,54.58,3.46,hbellon6s@cornell.edu
246,36.61,2.48,driccardi6t@independent.co.uk
247,94.97,0.53,cespinoza6u@pagesperso-orange.fr
248,25.05,3.9,jsealove6v@webs.com
249,40.24,2.68,vtapply6w@jugem.jp
250,77.91,3.31,acovotto6x@sohu.com
251,41.51,3.6,awanek6y@vimeo.com
252,35.14,3.78,tende6z@ycombinator.com
253,55.25,4.78,earlett70@liveinternet.ru
254,30.31,3.82,arechert71@wisc.edu
255,50.86,4.99,afaithfull72@nifty.com
256,19.74,2.73,ktofanini73@senate.gov
257,55.73,3.98,lbettley74@fc2.com
258,69.64,5.44,reyre75@free.fr
259,48.57,3.57,spicheford76@foxnews.com
260,81.1,1.39,klaurenty77@netlog.com
261,1.86,3.33,cbernetti78@narod.ru
262,73.53,3.48,aduiged79@diigo.com
263,78.3,2.06,icawley7a@hud.gov
264,-0.06,1.89,fbagge7b@miitbeian.gov.cn
265,51.49,3.57,cpontefract7c@mit.edu
266,89.83,4.01,jlindsay7d@oracle.com
267,72.7,5.22,ccannell7e@fema.gov
268,64.66,4.03,jmarrows7f@friendfeed.com
269,60.26,2.41,uclemenceau7g@shutterfly.com
270,46.71,2.87,glozano7h@newyorker.com
271,89.68,2.74,pwanek7i@foxnews.com
272,54.62,4.95,ebeggio7j@house.gov
273,18.13,4.49,rofeeney7k@arstechnica.com
274,41.08,3.33,noconnell7l@reddit.com
275,57.24,3.19,mfleischer7m@va.gov
276,55.85,3.69,ccucinotta7n@vinaora.com
277,56.17,0.56,sjosipovitz7o@wordpress.com
278,45.61,3.15,dsterman7p@com.com
279,68.35,2.63,sbole7q@squarespace.com
280,70.72,3.7,landriss7r@google.es
281,34.62,1.01,jhulett7s@gnu.org
282,67.27,2.83,esoles7t@cbc.ca
283,28.36,3.35,mcatcherside7u@ihg.com
284,25.75,3.24,jbreen7v@taobao.com
285,71.69,3.73,hdambrosi7w@cnn.com
286,54.49,2.15,ndaish7x@microsoft.com
287,40.5,3.74,cboldecke7y@google.cn
288,53.78,3.72,vprophet7z@cbsnews.com
289,52.18,2.25,cceely80@hibu.com
290,52.24,3.08,lstoyles81@blinklist.com
291,77.25,5.55,abudgeon82@dot.gov
292,79.32,2.19,dgolledge83@paginegialle.it
293,32.86,2.15,gulster84@miitbeian.gov.cn
294,49.6,4.02,rghent85@nydailynews.com
295,44.87,2.79,padney86@sfgate.com
296,64.14,4.45,bcoiley87@typepad.com
297,85.06,3.08,sburgyn88@nasa.gov
298,38.28,2.28,vbeacham89@jiathis.com
299,57.05,1.5,fbaudinot8a@so-net.ne.jp
300,22.94,1.38,msprionghall8b@amazon.com
301,35.31,2.59,enewcom8c@nasa.gov
302,36.4,2.22,fstudeart8d@dell.com
303,43.41,4.2,gminichillo8e@time.com
304,81.53,3.51,orobiot8f@meetup.com
305,28.7,2.99,goldershaw8g@ebay.com
306,65.88,3.05,pohagerty8h@bigcartel.com
307,74.09,3.43,bpratchett8i@jiathis.com
308,62.86,3.28,wmacandrew8j@uiuc.edu
309,92.84,3.0,hattryde8k@weibo.com
310,97.17,4.62,hweathers8l@wikipedia.org
311,82.8,1.75,goxer8m@ezinearticles.com
312,35.74,2.38,adefreyne8n@sogou.com
313,77.14,4.07,avyse8o@bing.com
314,61.14,2.88,mcrimin8p@pbs.org
315,60.17,3.28,lodee8q@goo.ne.jp
316,59.39,2.29,cspraggs8r@accuweather.com
317,66.04,5.74,hbrekonridge8s@netlog.com
318,29.2,4.98,dluckcuck8t@wired.com
319,79.81,3.97,mrobelow8u@phoca.cz
320,60.51,3.91,vkilfedder8v@goo.ne.jp
321,50.77,2.33,jpiggott8w@globo.com
322,66.43,3.48,mpowdrill8x@nasa.gov
323,46.83,4.45,srudgard8y@booking.com
324,44.94,2.37,ljirieck8z@ucoz.ru
325,55.08,2.46,lcrosskill90@sourceforge.net
326,84.92,3.3,bgrishin91@phoca.cz
327,73.24,3.46,lbarthrup92@elegantthemes.com
328,76.48,0.94,bwilkennson93@fema.gov
329,56.91,2.95,gfancourt94@berkeley.edu
330,60.8,4.15,lmacconneely95@google.de
331,57.58,3.18,mlafont96@storify.com
332,52.8,3.1,abanville97@salon.com
333,79.61,2.23,alorait98@fda.gov
334,83.28,2.5,hstent99@businesswire.com
335,49.45,2.69,ocasa9a@jugem.jp
336,71.01,3.39,agregh9b@soundcloud.com
337,33.41,4.22,gaxelby9c@dagondesign.com
338,98.83,2.25,mmcerlaine9d@w3.org
339,52.9,3.7,mbaumford9e@devhub.com
340,84.15,3.17,cbruineman9f@dailymotion.com
341,48.37,3.46,bormston9g@mayoclinic.com
342,13.38,1.88,mhewertson9h@ucoz.ru
343,72.19,2.79,flarderot9i@geocities.com
344,29.78,1.84,jtamburi9j@jigsy.com
345,60.66,2.35,nhourahan9k@marketwatch.com
346,18.0,3.62,smcmonnies9l@google.fr
347,65.31,1.75,kclell9m@dailymail.co.uk
348,47.18,2.33,tferber9n@flavors.me
349,30.76,2.61,mtunaclift9o@soundcloud.com
350,55.89,2.4,lstollenbecker9p@huffingtonpost.com
351,27.97,1.7,gmedler9q@behance.net
352,75.21,3.91,tbrimblecomb9r@unblog.fr
353,60.16,2.48,tpirdue9s@sina.com.cn
354,44.14,0.8,lhaines9t@tmall.com
355,7.94,2.33,nflintoffe9u@yahoo.co.jp
356,95.26,2.73,fostrich9v@moonfruit.com
357,21.74,1.93,chardman9w@webs.com
358,29.74,5.03,hbeames9x@linkedin.com
359,12.02,4.16,vrobus9y@nbcnews.com
360,63.56,3.23,tarrigo9z@icq.com
361,45.65,5.12,dcosensa0@ihg.com
362,55.3,4.21,ebenkina1@latimes.com
363,55.85,2.22,aflawna2@epa.gov
364,17.36,4.51,mcuttingsa3@nps.gov
365,43.98,2.76,kpowlesa4@businessinsider.com
366,67.43,2.3,bmuskera5@paginegialle.it
367,85.28,2.63,tscoonea6@dell.com
368,62.19,1.82,bcosynsa7@booking.com
369,54.27,2.74,kmcdermota8@buzzfeed.com
370,46.82,5.54,swelbrocka9@linkedin.com
371,25.2,2.22,hdomenichiniaa@slideshare.net
372,43.3,4.27,dnecoldsab@biglobe.ne.jp
373,41.13,3.68,iperelliac@blogs.com
374,36.04,3.25,abergetad@goodreads.com
375,41.94,2.56,aveldstraae@amazon.co.uk
376,67.9,5.16,rmccannyaf@ehow.com
377,80.51,3.12,eharvettag@godaddy.com
378,42.58,2.69,rgoodluckah@apple.com
379,65.18,3.29,dccominiai@furl.net
380,40.12,1.89,kbineraj@nature.com
381,40.21,3.72,gvlahosak@tripadvisor.com
382,38.91,2.93,rhengoedal@timesonline.co.uk
383,38.39,2.45,memoram@blogtalkradio.com
384,77.58,2.62,esabatieran@furl.net
385,68.64,2.39,mturtonao@uiuc.edu
386,48.41,2.4,etironeap@de.vu
387,81.64,2.45,mhanneyaq@g.co
388,45.93,4.09,ggaitskellar@ezinearticles.com
389,74.97,3.54,abarrimas@theglobeandmail.com
390,45.86,1.04,chollierat@so-net.ne.jp
391,24.79,2.92,csticklerau@who.int
392,29.12,2.92,eerrolav@utexas.edu
393,95.58,1.47,kmckissackaw@europa.eu
394,39.43,4.65,hgarlettax@privacy.gov.au
395,12.65,3.04,civattsay@alexa.com
396,30.65,3.6,gpixtonaz@oaic.gov.au
397,32.85,1.56,kszwandtb0@xing.com
398,78.8,2.63,keberleb1@latimes.com
399,57.72,2.87,astringfellowb2@furl.net
400,-0.31,2.97,aheavysideb3@netlog.com
401,86.26,4.1,smacshaneb4@google.nl
402,42.14,0.74,lkleynb5@ed.gov
403,59.35,3.53,mshakesbyb6@taobao.com
404,55.13,3.46,ofirmageb7@yellowpages.com
405,63.85,4.4,fbaldickb8@phoca.cz
406,55.95,5.37,fbrinkworthb9@tripod.com
407,64.02,2.51,mevinsba@wikispaces.com
408,58.32,1.92,dperkisbb@pcworld.com
409,-4.51,3.32,edeardsbc@dot.gov
410,64.27,2.25,sletchbd@nps.gov
411,23.06,4.49,bhallawellbe@w3.org
412,23.81,2.16,tlemingbf@hubpages.com
413,31.6,1.58,kpadellbg@moonfruit.com
414,63.06,2.12,vspringellbh@amazon.co.jp
415,24.74,2.48,fsleepbi@wikimedia.org
416,81.73,3.65,scouchbj@businessinsider.com
417,60.63,0.87,wtatembk@uiuc.edu
418,42.56,3.68,edumpletonbl@baidu.com
419,10.36,2.93,sedwickebm@google.com.hk
420,64.48,3.92,jwakelingbn@jugem.jp
421,38.07,3.34,driseambo@multiply.com
422,87.45,3.32,rclailbp@smh.com.au
423,53.67,2.85,ldomicanbq@prnewswire.com
424,61.34,0.98,sbenettinibr@facebook.com
425,103.76,3.67,bcroixbs@typepad.com
426,42.13,2.89,itilliardbt@nhs.uk
427,45.13,2.36,ewendenbu@prweb.com
428,63.34,1.68,tpentonbv@exblog.jp
429,45.51,4.15,rovendenbw@usda.gov
430,74.34,1.75,lpacquetbx@nba.com
431,42.63,3.26,emarvalby@miibeian.gov.cn
432,73.76,3.84,vslimanbz@infoseek.co.jp
433,106.79,3.34,tnewbeginc0@weebly.com
434,32.18,1.07,jinglesentc1@studiopress.com
435,70.79,3.02,bhemeretc2@diigo.com
436,61.79,2.24,nlipyeatc3@issuu.com
437,61.4,3.44,bfurmagec4@vk.com
438,52.68,1.24,spestorc5@google.nl
439,46.72,2.48,bkunathc6@sphinn.com
440,12.12,2.86,sbeeckerc7@yahoo.com
441,75.33,3.77,swestcotc8@unicef.org
442,31.69,0.19,akillec9@cdbaby.com
443,51.23,3.39,edahlenca@usa.gov
444,89.34,0.89,ilethabridgecb@bizjournals.com
445,57.15,2.24,wgoodladcc@fastcompany.com
446,35.08,1.79,pleynhamcd@mayoclinic.com
447,71.98,2.68,csteablerce@java.com
448,69.39,3.15,csantorocf@theatlantic.com
449,50.09,2.19,uikringillcg@stanford.edu
450,41.38,1.63,ypetranch@webnode.com
451,47.19,3.65,ksawfordeci@springer.com
452,54.31,1.84,osteadecj@reference.com
453,47.21,4.69,lpilsburyck@skyrock.com
454,81.67,3.62,kpriddiscl@mit.edu
455,35.33,2.06,jfreddicm@flickr.com
456,47.15,3.59,knelescn@patch.com
457,57.85,2.52,dmarcinkowskico@livejournal.com
458,36.39,2.07,ftalbotcp@mit.edu
459,37.59,3.5,mbarkleycq@sfgate.com
460,80.74,2.43,mkhosacr@google.com
461,43.45,4.06,jdiruggerocs@google.com.hk
462,63.02,2.12,zbowellct@php.net
463,69.81,2.49,kkuppercu@flickr.com
464,37.73,3.51,lburkhillcv@boston.com
465,43.26,2.77,nweekecw@google.de
466,48.76,3.47,frushecx@vk.com
467,28.02,2.72,mmaircy@oracle.com
468,76.91,4.56,jsimonsencz@redcross.org
469,43.72,1.26,idudsond0@lulu.com
470,86.33,1.75,ahouldd1@vk.com
471,49.96,3.85,bsparksd2@google.ca
472,55.81,3.22,cnaryd3@ed.gov
473,70.69,2.28,vpidwelld4@vk.com
474,51.66,3.54,sakastd5@slate.com
475,41.27,3.45,snaccid6@google.it
476,42.64,3.86,abollind7@census.gov
477,57.89,2.27,rgildersleeved8@sciencedaily.com
478,66.62,1.64,nseyfartd9@about.me
479,35.39,3.16,mkinchda@myspace.com
480,60.58,1.8,lstillmanndb@cloudflare.com
481,16.53,3.76,fsmewingsdc@pcworld.com
482,68.92,1.01,ewhatsizedd@google.com
483,96.15,4.52,dbrandtde@mozilla.org
484,55.75,2.53,lsherbrookdf@symantec.com
485,71.4,2.28,bshelmerdinedg@yelp.com
486,48.93,1.06,kroffedh@canalblog.com
487,96.97,6.13,rgrinyovdi@youtube.com
488,60.78,3.31,rlaverenzdj@github.io
489,61.82,3.1,sperfittdk@umich.edu
490,61.73,4.8,gwildberdl@fc2.com
491,52.27,3.09,scropdm@cisco.com
492,70.68,3.43,mewdaledn@businessinsider.com
493,35.49,3.22,gfridddo@cyberchimps.com
494,43.76,2.78,bcapesdp@cdbaby.com
495,45.87,3.33,tbollomdq@nymag.com
496,35.85,2.5,cstenyngdr@instagram.com
497,49.01,4.12,aelmhurstds@mozilla.com
498,69.81,3.29,erunnettdt@google.co.uk
499,43.33,3.25,tbrodestdu@typepad.com
500,55.72,3.68,cbeardondv@sohu.com
501,58.3,5.29,pmeiklejohndw@mit.edu
502,75.27,4.05,ageorgiadesdx@discovery.com
503,17.78,1.67,cjakovijevicdy@google.it
504,35.54,2.79,lcadallederdz@sfgate.com
505,66.63,2.68,wessele0@hhs.gov
506,70.74,3.09,ckenryde1@walmart.com
507,-1.17,3.06,dpickerine2@mozilla.com
508,25.9,3.03,rblackborowe3@google.com.hk
509,-2.24,1.62,cvearnalse4@samsung.com
510,21.16,3.16,gfenelowe5@paypal.com
511,56.38,2.24,fsilcockse6@scientificamerican.com
512,39.94,3.11,mdaughtone7@prweb.com
513,33.75,3.4,mbrickseye8@slashdot.org
514,57.64,2.73,amacarthure9@wikia.com
515,42.07,2.79,treillyea@delicious.com
516,53.07,3.74,breinharteb@phpbb.com
517,63.43,4.51,kmonseyec@wikia.com
518,78.85,4.75,lcastanagaed@multiply.com
519,44.95,4.18,charbardee@flickr.com
520,34.41,2.67,tloganef@slashdot.org
521,98.48,2.53,gsambereg@squidoo.com
522,74.93,2.8,rstolteeh@behance.net
523,52.72,3.25,ldodsleyei@squidoo.com
524,57.5,2.83,rdatteej@cyberchimps.com
525,51.25,2.43,wdunnawayek@shop-pro.jp
526,53.64,2.6,ndillestonel@baidu.com
527,29.38,0.84,cshurmanem@earthlink.net
528,91.78,4.01,hdanielyen@google.co.jp
529,75.76,5.05,lsaipyeo@is.gd
530,24.33,3.05,heustaceep@netlog.com
531,49.16,2.67,mgouchereq@cmu.edu
532,32.89,3.59,ematejkaer@walmart.com
533,88.36,2.9,qsileyes@boston.com
534,26.93,2.29,bdadeet@google.ru
535,79.95,3.67,lspencookeu@illinois.edu
536,33.82,5.01,gprestidgeev@bizjournals.com
537,89.22,3.34,bheddonew@nifty.com
538,61.57,1.43,btrenholmex@irs.gov
539,33.64,3.71,kriponey@discovery.com
540,44.49,3.08,kcastelliez@census.gov
541,68.33,4.22,ehillattf0@cbsnews.com
542,53.56,4.2,bvamplewf1@netscape.com
543,54.17,4.28,mjobinf2@storify.com
544,62.39,3.37,kcumeskyf3@amazon.co.jp
545,63.99,5.28,htollitf4@craigslist.org
546,42.93,0.69,dmcaleesef5@myspace.com
547,61.59,2.18,mfallensf6@theguardian.com
548,42.14,3.36,jbenningf7@va.gov
549,7.57,2.89,pcobbledf8@yale.edu
550,15.78,4.04,mianellif9@wikia.com
551,76.4,3.24,cfurmengerfa@si.edu
552,49.68,3.48,cpesfb@google.co.jp
553,45.67,4.34,fcoatenfc@goo.gl
554,70.0,1.9,zloughneyfd@bing.com
555,58.9,2.11,hrohanfe@ezinearticles.com
556,45.79,1.67,bbulleff@artisteer.com
557,62.07,3.34,hcollensfg@techcrunch.com
558,35.09,2.03,ttwedefh@ustream.tv
559,38.86,3.0,mwherritfi@trellian.com
560,53.37,1.96,scannavanfj@twitter.com
561,45.48,2.83,dlotsfk@patch.com
562,54.7,3.25,fgillottfl@msu.edu
563,72.13,2.87,shalewoodfm@wikia.com
564,50.3,3.34,ahacketfn@linkedin.com
565,81.86,2.07,cspanswickfo@mapy.cz
566,77.58,2.18,fjeckellsfp@sohu.com
567,40.08,3.68,ckattenhornfq@bloglovin.com
568,70.72,4.23,mstoylesfr@surveymonkey.com
569,84.64,3.89,tsmeathfs@paginegialle.it
570,50.69,1.74,mdentft@boston.com
571,45.61,3.89,vtrowlerfu@pagesperso-orange.fr
572,51.31,3.15,rleiferfv@sciencedaily.com
573,8.53,2.97,rbahikefw@arstechnica.com
574,60.58,3.59,vbradnickfx@cargocollective.com
575,53.87,2.72,dbundyfy@istockphoto.com
576,20.68,2.43,vwigginfz@51.la
577,87.59,2.06,ebraganzag0@naver.com
578,51.72,3.22,abetzg1@wufoo.com
579,-0.13,2.87,ocowlingg2@spiegel.de
580,57.99,2.85,dpriestleyg3@state.gov
581,27.27,2.34,drestieauxg4@tripod.com
582,94.05,2.22,abrimblecombg5@sina.com.cn
583,72.53,3.99,msandyfirthg6@forbes.com
584,69.42,3.44,gpyrtong7@nymag.com
585,49.1,4.3,rmeadowcraftg8@techcrunch.com
586,34.67,2.13,tsaltmarshg9@phpbb.com
587,59.33,3.16,fmurrigansga@oaic.gov.au
588,19.73,2.85,dfigingb@paypal.com
589,38.39,2.81,kpechardgc@google.com.au
590,31.11,5.43,ccrowchegd@sina.com.cn
591,64.9,5.83,mbarbrickge@uol.com.br
592,39.02,2.25,cotleygf@economist.com
593,46.21,2.5,bcorroyergg@pagesperso-orange.fr
594,43.68,3.48,lsuttabygh@reference.com
595,10.77,2.13,scamoisgi@barnesandnoble.com
596,52.87,2.57,mtarrantgj@google.de
597,24.71,3.38,mgraalmansgk@archive.org
598,44.22,1.98,mpailingl@ted.com
599,18.21,1.81,jfarrancegm@yellowpages.com
600,25.95,2.19,mantillgn@engadget.com
601,62.53,4.85,rcallendargo@storify.com
602,54.41,2.0,abatistegp@51.la
603,61.69,4.45,tordishgq@cargocollective.com
604,42.31,2.8,gdubosegr@nsw.gov.au
605,35.61,3.14,fblazewiczgs@yahoo.co.jp
606,42.64,1.2,tcuttlegt@qq.com
607,23.01,4.3,mricardsgu@foxnews.com
608,50.63,3.61,pdaleygv@ucsd.edu
609,45.8,3.42,lzannuttigw@wiley.com
610,67.97,3.34,dramelotgx@sbwire.com
611,61.75,3.74,dhorniggy@homestead.com
612,94.97,3.86,zantonettigz@usa.gov
613,59.06,3.1,crufflerh0@sakura.ne.jp
614,12.71,0.46,rtivolierh1@ox.ac.uk
615,61.37,4.48,btreskeh2@fotki.com
616,57.17,3.39,mkuhnth3@samsung.com
617,31.01,2.31,vranyh4@usnews.com
618,39.3,2.38,bbelchamberh5@ebay.co.uk
619,61.53,2.69,abumh6@japanpost.jp
620,43.44,2.33,ctamplinh7@soup.io
621,43.77,2.51,bchampneysh8@devhub.com
622,60.97,2.34,etoomeyh9@hugedomains.com
623,20.39,3.68,kseineha@multiply.com
624,64.46,1.62,sharmehb@discovery.com
625,44.62,2.4,hringerhc@google.co.uk
626,27.64,1.98,mdjuricichd@sitemeter.com
627,50.82,2.36,izukerhe@twitpic.com
628,64.02,4.07,pgenteryhf@meetup.com
629,50.17,2.94,weliescohg@washington.edu
630,31.51,2.59,aiansonhh@google.com.au
631,78.26,3.79,vgreguolhi@aol.com
632,52.39,2.67,utrasshj@usda.gov
633,44.21,2.04,gcastagnahk@goo.ne.jp
634,26.14,2.17,arizonhl@pcworld.com
635,61.27,4.53,hsoamehm@is.gd
636,73.02,3.85,rgidneyhn@naver.com
637,39.72,2.6,omcfaddenho@house.gov
638,55.88,1.41,araoulhp@patch.com
639,11.38,3.48,eshieldshq@ucoz.ru
640,60.62,1.98,mpatullohr@gravatar.com
641,68.48,1.75,mjolliehs@ow.ly
642,53.98,3.11,kbuddellht@w3.org
643,82.65,1.6,fhullhu@t.co
644,87.82,2.92,jtruwerthv@mapquest.com
645,40.97,2.1,gmortellhw@ed.gov
646,58.36,2.32,bkemballhx@mtv.com
647,57.85,2.49,jfairleighhy@mail.ru
648,54.72,2.89,kstivenhz@ebay.co.uk
649,77.31,2.93,akeani0@webmd.com
650,83.84,3.31,dshapteri1@zdnet.com
651,23.98,2.96,cschroteri2@friendfeed.com
652,31.01,2.16,gobradanei3@youku.com
653,65.09,1.71,lkelleheri4@usatoday.com
654,17.55,4.35,zjirucai5@virginia.edu
655,41.02,1.95,cparnabyi6@foxnews.com
656,26.01,2.73,aattenbarrowi7@zimbio.com
657,38.33,3.14,jbaakei8@imgur.com
658,61.3,0.8,arobottomi9@auda.org.au
659,61.31,2.61,fscibseyia@hao123.com
660,47.27,2.86,vdriversib@odnoklassniki.ru
661,53.2,2.69,iwetherilic@chronoengine.com
662,74.23,0.55,cmouldingid@sitemeter.com
663,54.32,2.49,fshurmerie@4shared.com
664,40.82,3.63,nrabjohnsif@netlog.com
665,64.53,3.09,jloreitig@de.vu
666,23.19,4.12,jgallifontih@php.net
667,67.98,1.03,bpumphreyii@skyrock.com
668,24.31,1.56,rpasslerij@linkedin.com
669,39.18,0.98,erodsonik@yale.edu
670,49.76,4.05,cchillingsworthil@howstuffworks.com
671,78.4,2.56,sduxbarryim@scribd.com
672,22.64,2.26,kbelitzin@squarespace.com
673,56.01,3.33,jdumberellio@posterous.com
674,58.05,3.78,prumgayip@nationalgeographic.com
675,44.79,3.23,hfanthomeiq@barnesandnoble.com
676,83.62,3.22,rnylesir@qq.com
677,37.69,3.07,galoshkinis@hao123.com
678,25.87,2.89,ahawkettit@cmu.edu
679,49.7,2.31,ttreleaseiu@domainmarket.com
680,27.57,2.06,kpringueriv@paypal.com
681,94.85,4.86,dricoldiw@homestead.com
682,29.97,2.19,ililburneix@delicious.com
683,103.71,2.04,nbutleriy@theglobeandmail.com
684,12.98,2.43,kairtoniz@msn.com
685,34.77,3.8,ppersej0@gmpg.org
686,64.74,3.55,cproudleyj1@geocities.jp
687,19.56,3.48,csurmanwellsj2@hud.gov
688,86.96,2.07,czupoj3@wikipedia.org
689,26.96,1.35,mtofaninij4@msu.edu
690,46.61,3.44,adunstallj5@yelp.com
691,21.9,0.88,brylstonej6@washingtonpost.com
692,31.83,2.2,ntollemachej7@jiathis.com
693,35.02,4.42,colivazzij8@jigsy.com
694,48.39,3.66,ewrightemj9@ucsd.edu
695,49.49,1.4,tdallimoreja@telegraph.co.uk
696,32.47,2.49,weckertjb@who.int
697,40.65,2.19,efowleyjc@cbc.ca
698,34.19,1.51,emarchingtonjd@smh.com.au
699,43.53,3.54,gawtyje@huffingtonpost.com
700,61.35,2.68,meffemyjf@vkontakte.ru
701,68.03,0.2,eheeleyjg@newyorker.com
702,14.13,5.71,mmacheljh@dot.gov
703,80.5,1.38,sivanaevji@aboutads.info
704,41.08,4.16,egreenleyjj@adobe.com
705,23.22,3.58,acrossbyjk@dmoz.org
706,58.48,3.72,alyndsjl@alibaba.com
707,29.14,4.1,mcurseyjm@ft.com
708,47.52,3.34,shostonjn@youtube.com
709,41.96,3.29,hcainejo@about.me
710,23.54,2.36,gcasserleyjp@google.co.jp
711,30.07,3.52,lbirtlesjq@ask.com
712,58.0,3.38,nlittlefieldjr@mapquest.com
713,34.32,2.1,tdecourcyjs@nydailynews.com
714,62.98,1.77,hdemchenjt@wordpress.org
715,23.85,4.09,cmaccawleyju@google.com
716,84.34,4.45,dembletonjv@examiner.com
717,26.63,0.95,lburtjw@youtu.be
718,57.74,1.82,mlumoxjx@moonfruit.com
719,31.32,2.71,rghelarduccijy@salon.com
720,63.43,2.11,thuckeljz@typepad.com
721,36.97,4.71,wperfordk0@forbes.com
722,48.27,2.65,jfinek1@sbwire.com
723,25.25,2.81,jkoopmank2@furl.net
724,27.09,2.88,jpieterickk3@prnewswire.com
725,52.36,2.62,hloaderk4@furl.net
726,42.91,4.29,ecostaink5@youtu.be
727,64.86,1.95,kmillionsk6@comcast.net
728,51.36,3.27,fcordingleyk7@columbia.edu
729,36.52,2.88,pbalstonek8@google.pl
730,47.1,3.14,sbanthorpek9@ask.com
731,34.74,3.44,sworthyka@kickstarter.com
732,32.07,1.52,cvispokb@ameblo.jp
733,40.62,3.58,cdunwoodykc@live.com
734,-1.78,3.75,ehullykd@nps.gov
735,59.36,3.63,mpetofike@macromedia.com
736,53.12,4.68,cquinneykf@usatoday.com
737,24.74,2.83,ssleightholmekg@whitehouse.gov
738,30.06,4.54,ttomadonikh@networkadvertising.org
739,69.27,1.98,malgoreki@exblog.jp
740,45.84,4.62,nasaafkj@pinterest.com
741,46.49,2.78,dkurtiskk@ibm.com
742,89.78,3.78,dlentonkl@netscape.com
743,64.7,3.16,lmushetkm@squarespace.com
744,57.56,5.12,sjudenkn@devhub.com
745,55.82,3.65,glisettko@amazonaws.com
746,104.91,4.44,dkennairdkp@patch.com
747,60.36,3.3,mmewhirterkq@amazonaws.com
748,72.36,4.75,mdaviekr@nationalgeographic.com
749,25.27,2.8,pvandaleks@sina.com.cn
750,32.52,2.34,ffattorinikt@elpais.com
751,49.61,4.87,adaftorku@techcrunch.com
752,61.6,2.12,lramseykv@paypal.com
753,44.0,2.04,kvakhrushevkw@nature.com
754,62.53,3.34,chuertakx@samsung.com
755,67.44,3.6,gjanowskiky@webmd.com
756,68.01,2.27,sfarninkz@berkeley.edu
757,52.09,3.3,pgaywoodl0@usa.gov
758,39.93,2.75,rduredenl1@tmall.com
759,76.18,3.3,stabordl2@blogs.com
760,38.3,1.79,tkegginl3@tiny.cc
761,31.39,3.46,jgoodredgel4@cdbaby.com
762,50.65,2.69,nbattmanl5@free.fr
763,24.2,3.47,sshurrockl6@wordpress.org
764,44.18,2.82,ktinkhaml7@gmpg.org
765,42.19,4.41,bmckennanl8@meetup.com
766,94.98,3.13,ashuttel9@blinklist.com
767,8.56,1.46,akendrewla@tmall.com
768,59.0,4.57,pfollenlb@ihg.com
769,36.33,4.77,mmunslowlc@ehow.com
770,64.66,3.54,nfossickld@nps.gov
771,114.08,1.95,kbrannile@ustream.tv
772,20.02,4.17,xgreatbanklf@cnn.com
773,42.35,2.39,briguardlg@amazon.de
774,66.45,3.95,jbomanlh@bigcartel.com
775,86.21,2.44,tbortolinili@deliciousdays.com
776,37.83,2.75,fmonaghanlj@go.com
777,62.55,4.05,iwhimplk@gizmodo.com
778,40.98,5.07,nhuggenll@slate.com
779,42.42,2.95,lbernardinilm@godaddy.com
780,52.24,2.02,mtuteln@friendfeed.com
781,65.01,2.31,btorrielo@hexun.com
782,23.4,0.8,jbeatenlp@cpanel.net
783,46.97,2.82,fstirlinglq@naver.com
784,64.48,3.93,vtithacottlr@cargocollective.com
785,54.45,1.66,pjablonskils@chronoengine.com
786,75.3,2.02,areevelt@bizjournals.com
787,41.43,1.29,ddillingstonelu@woothemes.com
788,56.16,4.35,cbramhamlv@dot.gov
789,53.97,4.4,jburtonlw@microsoft.com
790,50.34,3.77,mpyerlx@ow.ly
791,17.09,-0.09,iconantly@mysql.com
792,36.23,4.5,nguisotlz@alibaba.com
793,46.61,3.83,phaslamm0@mozilla.org
794,46.08,1.38,elapworthm1@cbslocal.com
795,12.1,3.25,fbasilottam2@weibo.com
796,70.83,1.81,kkorfm3@sciencedirect.com
797,56.74,3.74,dbenniem4@desdev.cn
798,47.51,2.88,iungerm5@java.com
799,41.24,3.69,ethornbarrowm6@sciencedirect.com
800,34.34,2.85,ecorbynm7@mtv.com
801,32.9,3.67,ggrevelm8@myspace.com
802,70.03,2.04,ssummersidem9@nps.gov
803,38.67,4.06,hgibbiema@freewebs.com
804,102.05,4.57,atravissmb@upenn.edu
805,54.53,3.93,nportingalemc@scribd.com
806,45.35,1.9,bmerrinmd@ezinearticles.com
807,57.21,1.48,pgioanme@gov.uk
808,39.43,2.91,jcallissmf@pinterest.com
809,84.3,1.7,gkleinplacmg@independent.co.uk
810,52.86,2.7,okemwalmh@parallels.com
811,5.86,3.37,ihacquardmi@dailymotion.com
812,3.61,3.13,ffoxonmj@ox.ac.uk
813,18.95,3.8,vhawkermk@com.com
814,28.71,3.39,jmanionml@buzzfeed.com
815,37.98,2.37,gmonkemanmm@netvibes.com
816,33.9,3.28,jrouselmn@shutterfly.com
817,41.47,2.34,ghugemo@mediafire.com
818,49.53,4.63,avalasekmp@usgs.gov
819,44.2,2.49,zdurtnellmq@hostgator.com
820,51.59,3.7,btillingmr@amazon.com
821,39.22,4.15,wgoodenms@biglobe.ne.jp
822,23.45,2.99,mgriffenmt@vistaprint.com
823,33.23,2.81,brichtermu@ifeng.com
824,11.72,3.22,jjansemv@spiegel.de
825,36.27,3.42,kduffinmw@npr.org
826,40.75,2.83,mjimesmx@europa.eu
827,40.59,4.03,amatasmy@seattletimes.com
828,75.73,2.87,lredgrovemz@independent.co.uk
829,64.63,2.85,ralwoodn0@mapy.cz
830,55.29,2.77,soldmann1@blog.com
831,82.3,4.65,dpellettn2@gizmodo.com
832,75.53,3.79,cevreuxn3@hugedomains.com
833,44.25,1.66,mburdyttn4@wikispaces.com
834,49.2,3.06,jtorricellan5@fotki.com
835,48.03,3.69,abradien6@patch.com
836,45.9,4.44,mstoyelln7@ask.com
837,53.35,3.74,umeronn8@disqus.com
838,38.11,1.87,fspelmann9@admin.ch
839,35.33,3.04,mhamssonna@mayoclinic.com
840,26.93,2.48,efiridolfinb@phpbb.com
841,57.99,3.95,jericnc@ucoz.com
842,70.39,1.3,mrostennd@newyorker.com
843,42.58,2.64,svalane@tinypic.com
844,71.42,5.12,lburgisnf@123-reg.co.uk
845,56.14,4.91,nyorstonng@imgur.com
846,58.61,3.32,opitrellinh@wisc.edu
847,44.53,3.22,aacostani@deliciousdays.com
848,60.51,2.26,lbahlmannnj@prlog.org
849,76.05,3.68,vgrichukhinnk@google.de
850,52.52,3.47,apimlettnl@hexun.com
851,25.39,2.09,uguesfordnm@nytimes.com
852,86.01,3.42,ibisternn@list-manage.com
853,21.64,4.86,mgoftonno@linkedin.com
854,72.06,2.7,rheatheringtonnp@discovery.com
855,52.96,1.18,mrolfsnq@pagesperso-orange.fr
856,61.7,3.29,hbleachernr@japanpost.jp
857,65.13,2.15,ybridlens@blogtalkradio.com
858,24.2,4.15,aflawithnt@simplemachines.org
859,47.21,3.91,lrougenu@youtu.be
860,44.62,1.36,eolivarinv@diigo.com
861,5.22,3.01,jrubinshteinnw@bluehost.com
862,27.66,2.12,dgealenx@scientificamerican.com
863,52.62,3.77,kborsnallny@seattletimes.com
864,56.54,1.84,alodgenz@un.org
865,26.33,3.11,sstinsono0@photobucket.com
